,Accuracy,Precision,Recall,F1 Score
teacher,0.675960396039604,0.6864967767976721,0.675960396039604,0.6753020096040818
student,0.34899009900990097,0.5649529505744659,0.34899009900990097,0.3551660296194522
distilled_student,0.6144554455445544,0.6418586580410134,0.6144554455445544,0.6094880426747783
